{
  "High-BECCS": {
    "gas_2030_ej": {
      "min": 0.0,
      "mean": 6.151056439888325,
      "median": 3.3613,
      "max": 35.1102
    },
    "pct_drop_2020_2030": {
      "min": -296.31191455532127,
      "mean": 26.971870559914095,
      "median": 36.661698956780924,
      "max": 100.0
    },
    "gas_share_2030_pct": {
      "min": 0.0,
      "mean": 16.368077175059938,
      "median": 14.73425206732489,
      "max": 53.34208608496345
    }
  },
  "Low-BECCS": {
    "gas_2030_ej": {
      "min": 0.013427661346427,
      "mean": 5.5233736546199745,
      "median": 2.82009286268716,
      "max": 34.6977
    },
    "pct_drop_2020_2030": {
      "min": -223.27774353164622,
      "mean": 36.53304588227229,
      "median": 44.733124532707166,
      "max": 99.50266802986026
    },
    "gas_share_2030_pct": {
      "min": 0.13362503199609396,
      "mean": 15.676311354675498,
      "median": 11.418106556810212,
      "max": 52.18770425791473
    }
  }
}