{
  "High-BECCS": {
    "Asia": {
      "gas_2030_ej": {
        "min": 0.0,
        "mean": 7.2304065187625115,
        "median": 6.502688321828336,
        "max": 22.9314
      },
      "pct_drop_2020_2030": {
        "min": -296.31191455532127,
        "mean": -48.3219072449288,
        "median": -20.280017512727014,
        "max": 100.0
      },
      "gas_share_2030_pct": {
        "min": 0.0,
        "mean": 12.485579448411995,
        "median": 12.48682887012314,
        "max": 32.08382419193714
      },
      "gas_phaseout_years": {
        "effective_2.5pct": 2042,
        "total_1pct": 2045
      }
    },
    "Latin America": {
      "gas_2030_ej": {
        "min": 0.0,
        "mean": 0.44645371605013107,
        "median": 0.3518,
        "max": 1.8888
      },
      "pct_drop_2020_2030": {
        "min": -23.928876058001443,
        "mean": 66.36527199378081,
        "median": 72.92899408284023,
        "max": 100.0
      },
      "gas_share_2030_pct": {
        "min": 0.0,
        "mean": 5.102939759724618,
        "median": 3.9093096547260235,
        "max": 22.878648980185627
      },
      "gas_phaseout_years": {
        "effective_2.5pct": 2035,
        "total_1pct": 2035
      }
    },
    "Middle East and Africa": {
      "gas_2030_ej": {
        "min": 0.0,
        "mean": 3.2168789092668186,
        "median": 3.44817266535126,
        "max": 5.6617
      },
      "pct_drop_2020_2030": {
        "min": -31.298260478663423,
        "mean": 37.23163419558918,
        "median": 33.61331350731365,
        "max": 100.0
      },
      "gas_share_2030_pct": {
        "min": 0.0,
        "mean": 28.35220828275665,
        "median": 31.344934093530867,
        "max": 53.34208608496345
      },
      "gas_phaseout_years": {
        "effective_2.5pct": 2040,
        "total_1pct": 2045
      }
    },
    "OECD Countries": {
      "gas_2030_ej": {
        "min": 0.0,
        "mean": 5.745211403847273,
        "median": 5.5058,
        "max": 15.1214365785788
      },
      "pct_drop_2020_2030": {
        "min": -43.83343729224334,
        "mean": 44.04781251668072,
        "median": 49.66546393313465,
        "max": 100.0
      },
      "gas_share_2030_pct": {
        "min": 0.0,
        "mean": 13.9449210931974,
        "median": 12.9159663864483,
        "max": 32.813843911897735
      },
      "gas_phaseout_years": {
        "effective_2.5pct": 2040,
        "total_1pct": 2045
      }
    },
    "Russia and Central Asia": {
      "gas_2030_ej": {
        "min": 0.0,
        "mean": 1.3874436002862507,
        "median": 1.454,
        "max": 2.8302
      },
      "pct_drop_2020_2030": {
        "min": -28.26562034369724,
        "mean": 38.73638229030916,
        "median": 36.94503661136342,
        "max": 100.0
      },
      "gas_share_2030_pct": {
        "min": 0.0,
        "mean": 24.447086269514504,
        "median": 26.016291253967648,
        "max": 49.7568152987134
      },
      "gas_phaseout_years": {
        "effective_2.5pct": 2040,
        "total_1pct": 2045
      }
    },
    "World": {
      "gas_2030_ej": {
        "min": 0.0,
        "mean": 18.51525464076266,
        "median": 20.30855,
        "max": 35.1102
      },
      "pct_drop_2020_2030": {
        "min": -29.940082086431314,
        "mean": 25.534495892952354,
        "median": 17.855703974152554,
        "max": 100.0
      },
      "gas_share_2030_pct": {
        "min": 0.0,
        "mean": 14.558425616561609,
        "median": 15.669937952661469,
        "max": 26.037892429343145
      },
      "gas_phaseout_years": {
        "effective_2.5pct": 2045,
        "total_1pct": 2045
      }
    }
  },
  "Low-BECCS": {
    "Asia": {
      "gas_2030_ej": {
        "min": 1.69046447966769,
        "mean": 6.382594578553081,
        "median": 5.01258,
        "max": 19.4041
      },
      "pct_drop_2020_2030": {
        "min": -223.27774353164622,
        "mean": -25.16285705500703,
        "median": 9.568505799015055,
        "max": 74.1950705732777
      },
      "gas_share_2030_pct": {
        "min": 2.7433751184611896,
        "mean": 11.722328863083153,
        "median": 10.11485137464409,
        "max": 33.67411042774438
      },
      "gas_phaseout_years": {
        "effective_2.5pct": 2040,
        "total_1pct": 2040
      }
    },
    "Latin America": {
      "gas_2030_ej": {
        "min": 0.013656559920353,
        "mean": 0.36401637447293095,
        "median": 0.167462068,
        "max": 1.93166
      },
      "pct_drop_2020_2030": {
        "min": 24.873716799739285,
        "mean": 76.21024794980913,
        "median": 89.51839357346854,
        "max": 99.27992732348353
      },
      "gas_share_2030_pct": {
        "min": 0.13362503199609396,
        "mean": 4.290648074038759,
        "median": 2.182460612709227,
        "max": 23.881855496760792
      },
      "gas_phaseout_years": {
        "effective_2.5pct": 2030,
        "total_1pct": 2035
      }
    },
    "Middle East and Africa": {
      "gas_2030_ej": {
        "min": 0.04031356437791,
        "mean": 3.6236063672613774,
        "median": 3.69744126194976,
        "max": 7.058
      },
      "pct_drop_2020_2030": {
        "min": -29.59256743110001,
        "mean": 31.321339830336772,
        "median": 29.614907847824778,
        "max": 99.19084202091898
      },
      "gas_share_2030_pct": {
        "min": 0.3766779120810497,
        "mean": 32.31301563417626,
        "median": 34.15799090638677,
        "max": 52.18770425791473
      },
      "gas_phaseout_years": {
        "effective_2.5pct": 2040,
        "total_1pct": 2050
      }
    },
    "OECD Countries": {
      "gas_2030_ej": {
        "min": 0.301297016220044,
        "mean": 4.423782681788019,
        "median": 2.933,
        "max": 12.44237
      },
      "pct_drop_2020_2030": {
        "min": -15.734686910798029,
        "mean": 57.682133348905786,
        "median": 70.93536016172347,
        "max": 97.1895144909109
      },
      "gas_share_2030_pct": {
        "min": 0.6550492459562471,
        "mean": 10.74600335461207,
        "median": 7.562494359714827,
        "max": 30.76951420877689
      },
      "gas_phaseout_years": {
        "effective_2.5pct": 2035,
        "total_1pct": 2040
      }
    },
    "Russia and Central Asia": {
      "gas_2030_ej": {
        "min": 0.013427661346427,
        "mean": 1.3051845557545172,
        "median": 1.2075,
        "max": 2.98304
      },
      "pct_drop_2020_2030": {
        "min": -20.606211180124212,
        "mean": 45.779429955680925,
        "median": 50.278866932779415,
        "max": 99.50266802986026
      },
      "gas_share_2030_pct": {
        "min": 0.1623703029456538,
        "mean": 21.333634047335398,
        "median": 19.117414038979557,
        "max": 45.182993973157146
      },
      "gas_phaseout_years": {
        "effective_2.5pct": 2040,
        "total_1pct": 2040
      }
    },
    "World": {
      "gas_2030_ej": {
        "min": 2.08643463723609,
        "mean": 16.561153881753675,
        "median": 16.25503595,
        "max": 34.6977
      },
      "pct_drop_2020_2030": {
        "min": -33.530756442227755,
        "mean": 33.49985895634,
        "median": 35.78369836050754,
        "max": 92.24786293524859
      },
      "gas_share_2030_pct": {
        "min": 1.5365747478781446,
        "mean": 13.736574538135178,
        "median": 12.38877649841,
        "max": 28.593996840442333
      },
      "gas_phaseout_years": {
        "effective_2.5pct": 2040,
        "total_1pct": 2045
      }
    }
  }
}